target,model,comparison,mean_diff_f1_macro,fold_scores_new,fold_scores_old,paired_ttest_stat,paired_ttest_pvalue,wilcoxon_stat,wilcoxon_pvalue,significant_at_0.05_ttest
EPDS Result,Logistic Regression,B_vs_A (composite effect),-0.000341511176601661,"[0.5371, 0.5047, 0.5577, 0.5582, 0.5823]","[0.5434, 0.5053, 0.5525, 0.5582, 0.5823]",-0.18689444686619588,0.8608399202148601,2.0,0.75,False
EPDS Result,Random Forest,B_vs_A (composite effect),0.007253197101556852,"[0.5739, 0.5315, 0.5975, 0.6333, 0.5562]","[0.5624, 0.5384, 0.5699, 0.6484, 0.537]",0.9079578904554767,0.41525555000909287,4.0,0.4375,False
EPDS Result,XGBoost,B_vs_A (composite effect),0.007259354608547408,"[0.5732, 0.5366, 0.5584, 0.6045, 0.5091]","[0.5405, 0.5421, 0.5868, 0.5374, 0.5387]",0.38755583234066765,0.7180838096242415,6.0,0.8125,False
EPDS Result,LightGBM,B_vs_A (composite effect),0.0011025641478238923,"[0.546, 0.5392, 0.5478, 0.5616, 0.5038]","[0.5388, 0.5216, 0.5893, 0.4963, 0.5469]",0.05443624217583283,0.9591980036462769,7.0,1.0,False
EPDS Result,CatBoost,B_vs_A (composite effect),-0.004414318097414704,"[0.5189, 0.549, 0.5687, 0.5663, 0.54]","[0.5533, 0.5229, 0.581, 0.5558, 0.5519]",-0.42321961325781104,0.6938984037279226,5.0,0.625,False
EPDS Result,Logistic Regression,C_vs_B (feature-selection effect),0.02521383782274398,"[0.5803, 0.5264, 0.599, 0.6029, 0.5574]","[0.5371, 0.5047, 0.5577, 0.5582, 0.5823]",1.9103157392456465,0.12869908122714976,2.0,0.1875,False
EPDS Result,Random Forest,C_vs_B (feature-selection effect),0.0004254701971206698,"[0.5891, 0.5458, 0.5763, 0.6213, 0.5619]","[0.5739, 0.5315, 0.5975, 0.6333, 0.5562]",0.05849956187933993,0.9561565813169237,7.0,1.0,False
EPDS Result,XGBoost,C_vs_B (feature-selection effect),0.0011766140168524952,"[0.5783, 0.5837, 0.5502, 0.5427, 0.5328]","[0.5732, 0.5366, 0.5584, 0.6045, 0.5091]",0.06435537027451922,0.9517750731743162,7.0,1.0,False
EPDS Result,LightGBM,C_vs_B (feature-selection effect),0.00023865764579611426,"[0.5682, 0.5853, 0.5265, 0.5113, 0.5082]","[0.546, 0.5392, 0.5478, 0.5616, 0.5038]",0.014233439316532077,0.9893253710454828,7.0,1.0,False
EPDS Result,CatBoost,C_vs_B (feature-selection effect),0.006043998559104624,"[0.5722, 0.6113, 0.5251, 0.5656, 0.4988]","[0.5189, 0.549, 0.5687, 0.5663, 0.54]",0.26838424046807985,0.8016763728002814,6.0,0.8125,False
PHQ9 Result,Logistic Regression,B_vs_A (composite effect),-0.0018135462778281707,"[0.3852, 0.2939, 0.363, 0.3676, 0.312]","[0.38, 0.284, 0.3865, 0.3676, 0.3127]",-0.31535681686523565,0.7682581257908822,5.0,1.0,False
PHQ9 Result,Random Forest,B_vs_A (composite effect),0.007345879772201936,"[0.3515, 0.438, 0.3853, 0.3662, 0.283]","[0.3919, 0.4158, 0.3514, 0.3493, 0.2789]",0.5711538907029209,0.5984544713954288,5.0,0.625,False
PHQ9 Result,XGBoost,B_vs_A (composite effect),0.018264393468417416,"[0.3158, 0.4363, 0.3586, 0.346, 0.2581]","[0.3798, 0.3529, 0.291, 0.3307, 0.2691]",0.6832126355889263,0.5319931919200189,4.0,0.4375,False
PHQ9 Result,LightGBM,B_vs_A (composite effect),0.029534123337054175,"[0.3294, 0.4134, 0.3929, 0.3701, 0.2773]","[0.3395, 0.3493, 0.3168, 0.3525, 0.2772]",1.7134124144724763,0.16179293268791842,2.0,0.1875,False
PHQ9 Result,CatBoost,B_vs_A (composite effect),0.01041271217915235,"[0.3101, 0.4169, 0.3604, 0.3835, 0.2762]","[0.3453, 0.4016, 0.3216, 0.3469, 0.2797]",0.7560236862054,0.4917161149858522,4.0,0.4375,False
PHQ9 Result,Logistic Regression,C_vs_B (feature-selection effect),-0.005882971765135558,"[0.3514, 0.3471, 0.3779, 0.2871, 0.3287]","[0.3852, 0.2939, 0.363, 0.3676, 0.312]",-0.2533592322518474,0.8124796305339457,7.0,1.0,False
PHQ9 Result,Random Forest,C_vs_B (feature-selection effect),-0.034602341160791486,"[0.3071, 0.3394, 0.3571, 0.3824, 0.265]","[0.3515, 0.438, 0.3853, 0.3662, 0.283]",-1.8369083452422492,0.14009994194143582,1.0,0.125,False
PHQ9 Result,XGBoost,C_vs_B (feature-selection effect),0.007708155676670303,"[0.356, 0.3817, 0.3669, 0.3877, 0.2611]","[0.3158, 0.4363, 0.3586, 0.346, 0.2581]",0.44094942629899725,0.6820343832245229,5.0,0.625,False
PHQ9 Result,LightGBM,C_vs_B (feature-selection effect),0.004231336615128789,"[0.2829, 0.384, 0.3936, 0.445, 0.2986]","[0.3294, 0.4134, 0.3929, 0.3701, 0.2773]",0.19948443854191547,0.8516142091656062,7.0,1.0,False
PHQ9 Result,CatBoost,C_vs_B (feature-selection effect),-0.0004164908021209612,"[0.3641, 0.4016, 0.357, 0.3873, 0.2351]","[0.3101, 0.4169, 0.3604, 0.3835, 0.2762]",-0.026692314331798077,0.979983735215916,7.0,1.0,False
PPD_binary,Logistic Regression,B_vs_A (composite effect),0.0011808579971066767,"[0.7265, 0.7215, 0.742, 0.7011, 0.7425]","[0.7206, 0.7215, 0.742, 0.7011, 0.7425]",1.0,0.37390096630005887,0.0,1.0,False
PPD_binary,Random Forest,B_vs_A (composite effect),-0.003563608811812391,"[0.7857, 0.7078, 0.7721, 0.7587, 0.7393]","[0.7826, 0.7421, 0.7639, 0.746, 0.7468]",-0.4244042957152279,0.6931022955748125,7.0,1.0,False
PPD_binary,XGBoost,B_vs_A (composite effect),-0.004229717148074341,"[0.7362, 0.6629, 0.7654, 0.7452, 0.7265]","[0.7758, 0.7059, 0.7289, 0.6989, 0.7481]",-0.22198765449429816,0.8351966905023441,7.0,1.0,False
PPD_binary,LightGBM,B_vs_A (composite effect),0.0034058539431547352,"[0.7826, 0.6675, 0.7393, 0.7452, 0.7647]","[0.757, 0.6825, 0.7733, 0.7047, 0.7647]",0.2532690216839274,0.8125446494186936,4.0,0.875,False
PPD_binary,CatBoost,B_vs_A (composite effect),0.0058439215942212245,"[0.8047, 0.7105, 0.7834, 0.7647, 0.7256]","[0.8074, 0.7092, 0.7654, 0.7383, 0.7393]",0.8093687413346017,0.4636983269215468,5.0,0.625,False
PPD_binary,Logistic Regression,C_vs_B (feature-selection effect),0.024517596394686536,"[0.7834, 0.7282, 0.7737, 0.7541, 0.7169]","[0.7265, 0.7215, 0.742, 0.7011, 0.7425]",1.5921716816937075,0.1865618956187432,2.0,0.1875,False
PPD_binary,Random Forest,C_vs_B (feature-selection effect),-0.006940467415951446,"[0.7689, 0.7245, 0.7612, 0.7707, 0.7036]","[0.7857, 0.7078, 0.7721, 0.7587, 0.7393]",-0.721081672309954,0.5107536479845723,5.0,0.625,False
PPD_binary,XGBoost,C_vs_B (feature-selection effect),0.016967432884483657,"[0.7221, 0.7197, 0.7452, 0.7561, 0.7781]","[0.7362, 0.6629, 0.7654, 0.7452, 0.7265]",1.055258454388586,0.3508274991106829,5.0,0.625,False
PPD_binary,LightGBM,C_vs_B (feature-selection effect),-0.0030162531959235794,"[0.7135, 0.7206, 0.7393, 0.7707, 0.7401]","[0.7826, 0.6675, 0.7393, 0.7452, 0.7647]",-0.14378519855603503,0.8926230695133428,5.0,1.0,False
PPD_binary,CatBoost,C_vs_B (feature-selection effect),-0.009903054363120067,"[0.7656, 0.7163, 0.7535, 0.7639, 0.7401]","[0.8047, 0.7105, 0.7834, 0.7647, 0.7256]",-0.9492777195136622,0.3962331145464351,5.0,0.625,False
